{
  "total": 469,
  "top1": 412,
  "top3": 468,
  "top5": 469,
  "top10": 469,
  "missing": 0,
  "top1Rate": 0.8784648187633263,
  "top3Rate": 0.997867803837953,
  "top5Rate": 1,
  "top10Rate": 1
}