{
  "total": 377,
  "top1": 312,
  "top5": 374,
  "top10": 377,
  "top1Rate": 0.8275862068965517,
  "top5Rate": 0.9920424403183024,
  "top10Rate": 1
}